Mass Based substitution matrix Bastiaan;G;A;S;P;V;T;C;L;I;N;D;Q;K;E;M;H;F;R;Y;W;X;*
G;1;-1;-3;-4;-4;-4;-5;-6;-6;-6;-6;-7;-7;-7;-7;-8;-9;-10;-11;-13;1;1
A;-1;1;-2;-3;-3;-3;-3;-4;-4;-4;-4;-6;-6;-6;-6;-7;-8;-9;-9;-12;1;1
S;-3;-2;1;-1;-1;-1;-2;-3;-3;-3;-3;-4;-4;-4;-4;-5;-6;-7;-8;-10;1;1
P;-4;-3;-1;1;0;0;-1;-2;-2;-2;-2;-3;-3;-3;-3;-4;-5;-6;-7;-9;1;1
V;-4;-3;-1;0;1;0;0;-1;-1;-2;-2;-3;-3;-3;-3;-4;-5;-6;-6;-9;1;1
T;-4;-3;-1;0;0;1;0;-1;-1;-1;-1;-3;-3;-3;-3;-4;-5;-6;-6;-9;1;1
C;-5;-3;-2;-1;0;0;1;-1;-1;-1;-1;-3;-3;-3;-3;-3;-4;-5;-6;-8;1;1
L;-6;-4;-3;-2;-1;-1;-1;1;1;0;0;-2;-2;-2;-2;-2;-3;-4;-5;-7;1;1
I;-6;-4;-3;-2;-1;-1;-1;1;1;0;0;-2;-2;-2;-2;-2;-3;-4;-5;-7;1;1
N;-6;-4;-3;-2;-2;-1;-1;0;0;1;0;-1;-1;-2;-2;-2;-3;-4;-5;-7;1;1
D;-6;-4;-3;-2;-2;-1;-1;0;0;0;1;-1;-1;-1;-2;-2;-3;-4;-5;-7;1;1
Q;-7;-6;-4;-3;-3;-3;-3;-2;-2;-1;-1;1;1;0;0;-1;-2;-3;-4;-6;1;1
K;-7;-6;-4;-3;-3;-3;-3;-2;-2;-1;-1;1;1;0;0;-1;-2;-3;-4;-6;1;1
E;-7;-6;-4;-3;-3;-3;-3;-2;-2;-2;-1;0;0;1;0;-1;-2;-3;-3;-6;1;1
M;-7;-6;-4;-3;-3;-3;-3;-2;-2;-2;-2;0;0;0;1;-1;-2;-3;-3;-6;1;1
H;-8;-7;-5;-4;-4;-4;-3;-2;-2;-2;-2;-1;-1;-1;-1;1;-1;-2;-3;-5;1;1
F;-9;-8;-6;-5;-5;-5;-4;-3;-3;-3;-3;-2;-2;-2;-2;-1;1;-1;-2;-4;1;1
R;-10;-9;-7;-6;-6;-6;-5;-4;-4;-4;-4;-3;-3;-3;-3;-2;-1;1;-1;-3;1;1
Y;-11;-9;-8;-7;-6;-6;-6;-5;-5;-5;-5;-4;-4;-3;-3;-3;-2;-1;1;-2;1;1
W;-13;-12;-10;-9;-9;-9;-8;-7;-7;-7;-7;-6;-6;-6;-6;-5;-4;-3;-2;1;1;1
X;1;1;1;1;1;1;1;1;1;1;1;1;1;1;1;1;1;1;1;1;1;1
*;1;1;1;1;1;1;1;1;1;1;1;1;1;1;1;1;1;1;1;1;1;1